ID,Treatment,Absorption
1,Control,42
2,Control,33
3,Control,41
4,Control,49
5,Control,42
6,Control,47
7,Control,48
8,Control,47
9,Control,53
10,Control,72
11,Control,47
12,Control,63
13,Control,68
14,Control,59
15,Control,35
16,Control,46
17,Control,43
18,Control,55
19,Control,38
20,Control,49
21,Control,51
22,Control,51
23,Control,66
24,SCF,50
25,SCF,43
26,SCF,43
27,SCF,44
28,SCF,50
29,SCF,44
30,SCF,35
31,SCF,49
32,SCF,54
33,SCF,76
34,SCF,31
35,SCF,48
36,SCF,61
37,SCF,70
38,SCF,62
39,SCF,47
40,SCF,42
41,SCF,45
42,SCF,43
43,SCF,59
44,SCF,53
45,SCF,53
46,SCF,73
