ID,Potassium_mg,Dose,Source
1,3096.79,40,Potato
2,3607.14,40,Potato
3,3584.78,40,Potato
4,3256.73,40,Potato
5,3286.95,40,Potato
6,2788.97,40,Potato
7,2958.56,40,Potato
8,3027.64,40,Potato
9,2976.70,40,Potato
10,3147.04,40,Potato
11,3069.44,40,Potato
12,3535.94,40,Potato
13,3119.75,40,Potato
14,3072.45,40,Potato
15,2975.42,40,Potato
16,3045.60,40,Potato
17,3130.37,40,Potato
18,3485.87,40,Potato
19,3508.62,40,Potato
20,4213.49,40,Potato
21,3233.10,40,Potato
22,3264.95,40,Potato
23,3116.21,40,Potato
24,2954.50,40,Potato
25,3279.18,40,Potato
26,3227.24,40,Potato
27,2664.38,40,Potato
,,,
,,,
