ID,Potassium_mg,Dose,Source
1,3120.18,40,Supplement
2,3816.27,40,Supplement
3,3029.90,40,Supplement
4,3516.95,40,Supplement
5,3136.48,40,Supplement
6,3678.90,40,Supplement
7,2680.07,40,Supplement
8,3327.98,40,Supplement
9,3127.92,40,Supplement
10,2953.97,40,Supplement
11,3481.39,40,Supplement
12,3282.91,40,Supplement
13,3457.95,40,Supplement
14,3245.62,40,Supplement
15,3169.74,40,Supplement
16,3197.20,40,Supplement
17,3071.71,40,Supplement
18,3233.94,40,Supplement
19,3615.02,40,Supplement
20,3946.31,40,Supplement
21,3795.46,40,Supplement
22,3587.13,40,Supplement
23,3100.61,40,Supplement
24,3185.44,40,Supplement
25,3330.24,40,Supplement
26,3321.45,40,Supplement
27,3334.66,40,Supplement
28,3168.79,40,Supplement
29,3173.70,40,Supplement
