"o","X1"
0,3.67107677414997
0,0
0,0
0,3.46318817826715
0,0
0,0
0,0
0,0
0,0
0,3.48604401650658
0,0
0,0
0,0
0,0
0,0
0,0
0,3.53892354473281
2.3933391571,3.46056623629579
0,0
0,3.50066391339406
0,0
0,3.64638017440958
0,3.52149052890724
0,3.52014637633936
0,0
0,0
0,0
0,0
0,3.48845664772657
0,0
0,3.50752317164513
0,0
0,0
4.6841621399,3.65043783050753
0,0
0,0
0,0
2.7663173676,0
0,0
0,3.51078590020803
0,3.49570910487556
0,0
0,0
4.0562934875,3.60584566251437
0,3.48431217527725
0,0
0,0
0,0
0,0
0,3.47644614233656
3.723279953,3.55003857905477
4.4161834717,3.61997056673532
0,0
4.8476448059,3.77993588452158
0,0
0,3.53860503678289
0,0
0,0
0,3.50000603744049
0,0
0,3.50391151622884
0,0
0,3.4909562867347
0,0
0,3.5545438095368
0,3.66507726068293
0,0
0,0
0,3.74151573095877
0,0
0,3.49590920334157
0,3.53010186652012
0,3.53675270990665
0,0
0,0
0,3.45180334321323
0,3.49171743253961
0,0
0,0
0,0
0,0
0,3.53859564466034
0,3.4916315316906
0,0
0,3.47692770430692
0,0
0,0
0,3.51748748468199
0,0
0,0
0,3.5019232081715
0,3.52734822029433
0,3.47234235692302
0,0
0,0
0,0
0,0
0,0
0,0
0,0
0,0
0,0
0,0
0,0
0,0
0,3.46098193551929
0,0
0,3.45543673454571
0,0
3.1759681702,3.50272749107024
0,0
0,3.58327231041908
0,3.74120709137935
0,0
0,4.00679405726773
0,3.60193640553612
0,3.47914722679647
0,3.49585494281689
0,0
0,0
0,3.46452586149557
0,3.48117584471474
0,3.62466669659903
0,0
0,0
0,0
0,0
0,3.61390083811103
0,0
0,3.55823370489836
0,3.54114299781891
0,0
0,3.47016869398241
0,0
0,3.53853939415711
0,0
0,0
0,0
0,0
0,0
2.3933391571,3.48242666482834
0,0
0,3.49639007352147
0,3.47857095799818
0,0
0,3.50854932404906
0,3.47354234148215
0,0
0,3.47477724092443
0,3.63049134702378
3.0416603088,3.48702655311631
0,3.67672474675671
0,3.4799262445044
0,0
0,3.54916986976879
0,3.50716236111701
0,0
0,3.50847874933771
0,3.51303237535041
0,3.54851754364264
0,0
3.7012996674,0
0,0
0,3.5007067092242
0,0
0,0
0,0
0,0
2.6979980469,0
0,3.46325165259633
0,0
0,0
0,0
0,0
0,0
3.6836147308,3.50060781724656
0,0
3.6783218384,3.51348508601224
0,3.48740159142968
0,3.56866435186834
0,3.56291904682248
0,0
0,0
0,0
0,0
2.6282844543,3.49019216763556
5.0278167725,3.64270802237969
0,3.48144056853768
0,0
0,0
0,3.46546530700734
0,0
0,3.49902199176736
0,3.49880105933861
0,0
0,0
0,0
0,0
0,0
0,0
0,3.49031595560561
0,0
0,0
0,0
3.1527347565,3.60914383238548
0,0
0,0
0,3.56635914408048
0,3.53366478285968
0,3.49071519166639
0,3.46841420471405
0,0
0,0
0,3.47207152867346
0,0
4.2259559631,3.59595063530198
0,0
0,3.50069495354477
0,3.52098039855625
0,0
0,0
0,0
0,3.50277201189816
0,3.52719070756213
0,3.51124309524909
0,3.58121157391406
0,3.48430720139139
0,0
0,3.61685463035452
0,0
0,0
0,0
0,3.63293299724216
0,3.49372845753523
0,3.51468023433859
0,0
0,3.47709482151691
0,0
0,0
0,0
0,0
0,0
0,0
0,3.56031050489026
0,0
0,0
0,0
0,3.52476857452791
0,0
0,3.45783943291787
0,3.50746429980688
0,0
3.1734580994,3.53292678894612
0,0
0,0
0,0
0,3.48859270573174
0,3.53043730264733
0,3.48935615064965
0,0
0,3.62260968870493
2.3924236298,3.4757125251083
0,0
0,0
0,0
0,3.51091133592396
0,3.54341532231205
0,0
0,3.47298269788214
0,0
0,3.58582133093206
0,3.50324198112105
0,3.53919084575195
0,0
0,0
0,0
0,0
0,0
0,0
3.7338523865,3.62181560358373
0,0
3.1780529022,3.56184473686344
0,0
3.6027755737,3.45809784631128
3.042137146,0
0,3.46337909132244
0,0
0,0
0,3.68387128348502
0,0
3.0397472382,0
0,3.52587162391617
0,0
0,0
0,3.48315888710827
4.7937202454,3.50184385614197
0,0
0,0
0,0
0,0
0,3.54644767300605
4.3618202209,0
0,3.48843704948092
0,0
0,3.49070515754502
0,0
0,3.55384998459927
0,3.51923141787001
4.7080841064,3.59479746617027
0,3.53513361425085
0,0
0,3.54255075551228
0,3.54136294173354
0,3.561970086619
0,0
0,0
0,0
0,0
0,0
0,0
0,3.54936439786715
0,0
0,0
3.6532516479,3.51013490609351
0,3.66478110022391
3.9070091248,3.51536445840367
2.3795452118,0
0,0
0,3.53536768862007
0,3.82713264711453
0,0
0,3.47354887879278
0,0
0,0
0,3.52103008698142
0,3.50971328236896
0,0
0,0
0,3.57009547338729
0,0
0,3.55627497336582
0,0
0,3.50707943479645
0,0
0,0
0,3.58718109844939
0,0
0,3.46808158978406
0,0
0,3.51368531294312
0,0
0,0
0,3.53266038931428
0,0
0,0
0,0
0,0
0,3.49673560305351
0,0
0,0
3.8649291992,3.51165636328675
0,3.48572881950591
0,0
0,0
3.4934711456,3.50311075319584
0,3.57193918141582
0,0
0,0
0,3.5022280052501
0,3.46697721597097
0,3.59991978231683
3.7316989899,3.57108122295277
0,0
0,0
0,0
0,0
0,0
3.8231906891,0
0,3.49063928829481
0,0
0,3.50790633806293
0,0
0,3.48070081781869
0,3.46034301495287
0,3.54703263655498
0,0
0,0
0,3.53431425752574
0,0
0,3.48520874633638
0,3.69491736094804
0,3.52965339535483
0,0
0,0
0,0
0,0
0,0
0,0
0,0
0,3.72910158332328
0,0
0,3.55887694269381
0,3.51748002999473
0,3.51906397800689
0,3.47686771482588
0,0
0,0
0,0
0,3.62787254640312
0,3.61928964012073
5.4111976624,3.50062158127292
0,0
0,0
0,3.49237878681508
0,0
0,3.52319069086761
0,0
0,3.57615117286652
0,0
0,0
0,0
0,3.49860735618965
0,3.53467865648931
0,0
0,0
0,0
0,0
0,0
0,3.45047057254537
0,0
0,0
0,3.54780307011164
0,3.46045933928162
0,3.5120618012236
0,3.52590768004673
0,0
0,0
0,3.50131001222609
0,0
0,3.49018069444608
0,0
0,0
0,0
0,3.49253445854198
0,0
0,3.56305411492273
0,0
0,3.50379682011508
0,0
0,0
0,3.47259433131268
0,3.46458879698884
0,0
0,0
2.2925338745,3.51939590258413
0,0
0,0
0,0
0,0
0,3.7366750094392
0,3.51993414120421
0,0
0,3.44986203736753
0,0
0,0
0,3.50935340352513
0,3.45603544948112
0,0
0,0
0,0
0,3.51711680768204
0,0
0,3.48782469587487
0,0
0,0
0,0
0,0
0,3.53927614621657
0,0
4.8613586426,3.50688887622274
0,3.461219358767
0,0
0,0
0,3.53455307752293
0,0
0,0
0,3.56939110351327
0,3.52679228798762
0,0
0,3.4689723837284
0,3.47570673286785
4.2611274719,3.45733200842317
0,3.55386963900443
3.7541980743,3.5717399474131
0,3.51159543209385
0,3.49655941340431
0,0
0,0
0,0
0,0
0,0
0,0
0,3.57796398949009
0,0
0,0
0,3.54023701623836
0,0
0,0
0,0
0,0
0,0
0,0
0,0
0,3.53442962598489
0,0
0,0
3.5467376709,3.56420833941141
0,3.51284500649884
0,0
0,0
3.0344715118,0
0,0
0,0
0,0
0,3.50177055234962
0,0
0,0
0,0
0,3.51947021663133
0,0
0,0
0,0
0,3.48175439674496
2.7013607025,3.50516560581742
0,0
0,3.69011795051578
0,0
0,0
0,0
0,3.46306652862354
2.7688312531,0
0,0
0,0
0,0
0,3.63537356823542
0,0
2.191652298,3.46127812289674
0,0
0,3.5079955647768
0,0
0,0
0,0
0,0
0,3.53140253324098
0,3.58200256684876
0,0
0,0
0,3.48869047995552
3.2108421326,3.49858693535435
0,0
0,3.53251575029371
0,0
0,0
0,0
0,0
0,0
0,0
0,0
0,3.49877723980329
0,3.46188312542672
0,3.48165569284341
0,3.53184553811503
0,0
0,0
0,3.46650973305374
0,0
0,3.50167175835862
0,0
0,0
0,0
0,3.52104726214843
0,0
0,0
0,0
0,0
0,0
0,0
0,0
0,0
0,3.49376702956937
0,0
0,0
0,0
0,0
0,0
0,0
0,0
0,0
0,0
0,0
0,3.5297320732683
0,3.58543291664764
0,0
0,3.50322347847765
0,0
0,3.57719984675706
0,0
0,0
0,0
0,0
0,0
0,3.48514896734353
3.4121360779,3.50367700670615
0,3.46955472446141
0,3.53562942519684
0,3.49249059583724
0,3.69985916690792
0,0
0,0
0,0
3.7898540497,0
0,0
0,0
4.0306930542,3.56201689443378
0,0
4.9680023193,3.49462146916304
0,0
0,3.50189313161646
0,0
0,0
2.768201828,3.46382835041782
0,0
0,0
4.6553840637,3.64605058489456
0,0
0,3.47552607700894
0,0
4.0943412781,3.47685961086157
0,3.48608130985139
0,3.54253216384253
0,0
0,0
0,0
0,0
0,0
0,3.46458788649321
3.7784900665,3.46594307746794
0,0
0,0
0,0
0,0
0,0
0,0
0,0
0,0
0,0
0,0
0,3.46881686193178
0,3.57952930826852
3.7074546814,3.57116983144489
0,3.52119043291727
0,3.51714465682701
0,0
0,3.51473517630163
0,0
0,0
0,0
3.4594650269,3.51271487321519
0,3.50936788398907
0,0
0,3.6476814544345
0,0
0,0
0,0
0,0
0,3.5028099184517
0,0
0,3.48229356502401
0,0
3.5201625824,3.55290451876016
0,0
0,0
0,0
0,0
0,0
0,0
0,0
0,0
0,0
0,0
0,3.47057889611519
0,3.49124069099995
4.6131362915,0
0,0
0,3.48393326823766
0,3.60093039661717
0,0
0,3.4772361966809
2.3795452118,3.47739902675626
0,0
0,3.49815135717205
2.6246681213,3.4666317057922
0,0
3.0373516083,3.48277930025895
0,3.53115959654841
0,3.53115560509968
0,0
4.3541374207,3.60751794726994
0,3.5162183726452
0,0
0,0
0,3.61240301865591
0,0
0,3.49297443756761
0,3.51414826509093
0,3.49498845942086
0,3.49238806219813
0,3.5463234029384
0,0
0,3.47453280084425
0,3.4952994697858
0,0
0,0
3.4812393188,3.4966660721556
0,3.53204645578844
0,3.63625212121858
0,3.56135981441768
0,0
0,0
0,0
0,0
0,3.46498838748977
0,0
0,3.56190772499041
0,3.45234340099994
0,0
0,0
0,0
0,3.48608715794943
0,0
0,0
1.7900905609,3.52013957533944
0,3.5039638879443
0,0
0,0
0,0
0,3.50958180086539
0,0
0,0
0,0
0,0
0,0
0,3.50961138200892
0,0
0,0
0,0
0,0
0,0
0,0
0,0
0,0
0,0
3.356546402,3.54198498542795
0,0
0,3.52400981511789
0,0
0,0
0,0
0,3.58656619453006
0,3.46063949806777
0,0
0,0
0,3.46631364976571
0,0
0,0
0,0
0,3.50810785814053
0,0
0,0
0,0
0,0
4.5325965881,3.50496628075704
0,3.51917451883963
0,3.55138157655981
0,0
0,0
0,0
0,3.48446793500868
0,3.52840647259099
0,3.48105002363138
0,3.45027105450143
0,0
0,3.47307151047479
0,0
0,0
0,3.5185219379314
0,0
3.4258880615,0
0,0
0,3.48864179262282
0,3.59257995588791
0,0
0,0
2.4379882813,3.50992488248493
0,3.4341277829063
0,0
0,0
0,3.67880055943409
0,0
0,3.45888132194498
0,0
0,0
0,0
0,3.56226528313371
0,0
0,0
0,0
0,3.58171320387519
0,3.51532334914004
3.6323070526,3.57077725056754
0,3.48522343188756
0,3.52264249480669
0,0
0,3.46622062664784
0,0
0,0
0,3.51260706775345
0,3.72714106657328
2.6318874359,3.47764582275222
0,3.57789633135544
0,0
0,0
0,3.47030033558255
0,3.52301587538375
0,0
0,3.51728721418286
0,3.54577720806525
0,0
0,0
0,0
3.7771186829,3.61026824592294
0,3.55562357926109
0,0
0,0
0,3.51091795989684
0,0
0,0
0,0
0,0
0,0
0,0
0,3.45874855555118
0,0
0,0
0,0
0,3.55839113140677
0,3.75729096956978
3.3603744507,3.52062955692493
4.540096283,3.59372059827378
0,0
0,0
0,3.53897701019902
0,3.60783076040347
0,0
0,0
0,3.50185272187442
0,0
0,0
0,0
0,3.46263080784894
0,3.51505677292668
3.2089176178,0
0,0
0,0
0,0
0,0
0,0
0,3.52256720747616
0,0
0,0
0,0
0,3.47275321773828
0,0
0,3.47435688357168
0,0
0,0
0,3.48722903961735
0,0
0,3.54327006402277
0,3.50113561000979
0,0
3.5322246552,0
0,0
3.2148666382,3.46548569831886
0,3.57522802459806
0,0
3.7057342529,3.5261171344367
0,3.49455652501772
4.561214447,0
0,0
0,0
0,3.4913303857497
0,3.49295958374522
0,0
0,0
0,0
0,0
0,0
0,0
0,0
0,0
0,3.55409037594019
0,0
3.2695674896,3.5743398334308
0,3.47964267114647
0,0
0,0
0,0
0,0
0,0
0,0
0,0
0,0
0,0
0,0
0,3.59921774002051
0,0
0,3.53185901015327
0,0
0,3.74005583187922
0,0
0,3.54117768034884
0,0
3.2557849884,3.53598453718687
0,3.52202401506361
0,0
0,0
0,3.48559186646835
0,3.48821986553354
3.7037658691,0
0,0
0,0
0,3.53559020261191
0,3.4862826237591
0,0
0,0
0,0
0,0
0,0
0,0
0,3.46827471882757
0,0
0,0
0,0
0,0
0,3.55520091804277
0,0
0,0
0,3.4713185491207
3.0540008545,0
0,3.64828626127943
0,0
0,0
4.1895027161,3.61689415886049
0,0
0,0
2.7593746185,3.66988763239514
0,0
0,3.595907987241
0,3.66552318875611
0,0
0,0
0,3.45071741590599
0,0
0,3.51772650516299
0,0
0,3.50211818280342
0,0
0,0
0,0
0,3.4684022733674
0,0
0,0
0,0
0,3.50331574674566
0,0
0,0
0,0
0,0
0,3.48205225652615
0,3.69682663053072
0,0
0,0
0,3.52407394250633
0,3.49105055515225
0,0
0,3.51893029428192
0,0
0,0
0,0
0,0
0,3.49019340574111
0,3.53832418056783
0,0
0,0
0,3.48230288400697
0,0
0,3.58146054698438
2.8213768005,0
0,3.51644702384374
0,0
0,0
0,0
0,0
0,3.47312408337721
0,3.49795784632519
0,3.4854619256526
0,3.46432152226225
0,0
0,0
0,3.49073708830905
3.6597061157,3.53206370350387
0,0
0,0
0,0
0,0
0,3.48414060502954
0,0
0,3.58939292858384
0,0
0,0
0,0
0,0
3.2523097992,0
0,0
0,3.54143849125213
0,3.44976513130398
0,3.53773073133973
0,3.50860026983968
0,3.57773322696928
0,3.49947540665534
0,0
0,3.47807974381201
0,3.51383882194882
0,0
0,0
0,0
0,0
0,0
0,0
0,0
5.0872840881,0
0,3.47426156185521
0,3.54309508743708
0,0
0,0
0,0
0,0
0,3.46866028709256
0,3.52214970546758
0,3.49051833617634
0,3.51420111777294
0,0
0,0
0,0
0,3.57411405567709
0,3.51868313610739
0,3.56429463479065
0,3.46686693172939
0,3.50255683768639
0,0
0,3.50285614382519
0,3.48446814790928
0,0
0,0
0,0
0,0
0,0
0,0
0,0
0,0
0,3.52178905212417
0,0
0,0
0,0
0,0
0,0
0,0
0,3.50200944782752
0,0
0,3.47914586455653
0,3.51890445006886
0,3.50322320034627
0,0
0,3.49691002927406
0,3.48902563003339
0,0
0,3.5149910708602
0,0
0,3.47979739914752
3.7111282349,3.47651278899339
0,3.48922970175257
0,3.59981235554195
0,3.49054893418986
0,0
0,0
0,3.47379956531725
0,3.50262098579353
0,0
0,0
0,3.49894294039829
0,0
0,3.49379572493984
0,3.55663392690412
0,0
0,0
0,3.48486705335961
0,0
0,0
0,0
0,0
0,3.55158207314005
0,0
0,3.97887756187057
0,0
5.5069541931,0
0,0
0,0
0,0
0,0
0,3.523717459763
0,3.47465452194679
3.4610366821,0
0,3.5254957631254
0,3.5202131049436
0,0
0,3.52376903746471
0,3.46906383798438
0,3.47926521655476
2.9391613007,3.51309141803283
0,3.56013460827355
0,3.52857118055734
0,0
0,0
0,3.53677764289033
0,0
0,0
0,0
0,3.47461552006306
0,3.4831878779235
0,0
0,0
0,0
0,3.50106145351105
0,0
0,0
0,3.45612189903843
0,0
0,0
0,0
0,0
0,0
0,0
4.3329658508,3.48983072744586
0,0
0,3.57194009417453
0,3.50007294506945
3.0349521637,0
0,3.4533385216402
0,0
0,0
0,0
0,0
0,3.52355384046866
0,0
0,3.57688604080439
0,3.5329153073682
0,0
0,0
0,0
0,0
0,0
0,3.50567430041406
0,0
0,3.52235652598978
0,3.54462353255137
0,0
0,3.56163297545094
0,0
0,0
0,0
0,0
0,0
0,0
0,0
0,0
0,0
0,3.54203509589334
0,3.44974641803553
0,3.68006345509954
0,0
0,0
0,0
0,0
0,3.47456203732616
0,0
0,0
0,3.54069286755492
0,3.50712998882254
0,3.60791019149671
0,3.46406602633895
0,3.53771738165325
5.1469116211,3.5550146146473
0,3.51764097008178
0,3.62433107153613
0,3.62446541601021
0,3.53707546601131
0,0
0,3.50153501573877
0,0
0,0
0,0
0,0
0,0
0,0
0,3.49465377851844
0,0
0,0
0,0
0,0
0,0
0,0
0,3.51178750692941
0,0
0,0
0,3.49019627711375
0,0
3.8856773376,3.52522043234063
3.5204601288,0
0,0
0,0
0,0
0,3.52602612740674
0,0
0,0
0,0
0,3.61278977790691
0,0
2.9391613007,3.49922658498757
0,0
0,3.46829014084224
0,3.50929607519573
0,3.52591460971841
0,0
0,0
0,0
2.3933391571,3.51034054724785
0,0
0,0
0,0
0,3.53189870805299
0,0
0,0
0,3.48752857667348
0,0
0,0
0,0
0,0
0,3.49098257598237
0,0
0,0
0,3.53832848512276
0,3.49783674405452
0,3.48938448294431
1.7833900452,0
3.4275131226,3.54036037590493
0,0
3.0773105621,3.57026568858074
0,0
0,0
0,0
0,0
3.3772449493,3.4400237637511
0,0
4.4811897278,3.60435684008734
0,0
0,0
0,0
3.3621082306,0
0,0
0,0
0,0
0,3.49948678048796
3.1842937469,0
0,3.52382756166491
0,3.49009038421812
0,3.50488510982477
0,0
0,0
0,3.47852610530334
0,0
0,0
0,0
0,3.51990342022046
0,3.46709122862144
3.8751506805,3.58687455366487
0,0
0,0
0,0
0,0
0,0
0,3.50490742049185
0,0
0,0
0,0
0,0
0,0
0,0
0,0
0,0
0,3.71761107209046
0,0
0,0
0,3.48048933378559
0,0
0,3.51034910197271
0,0
0,0
0,3.56895673974124
0,0
0,3.46603142065821
0,0
0,0
0,0
0,0
0,3.52712186797194
0,3.51675618801125
0,0
0,0
0,0
4.0474243164,3.58277113836372
0,0
0,3.523714598208
0,3.5181375619713
0,3.50476647001654
3.2542419434,0
0,3.47631418350342
0,0
0,0
0,0
0,3.47019564773475
0,3.48252191735385
0,0
0,0
0,3.52009812887619
0,0
0,0
0,3.79354928563979
0,3.52184395796127
0,0
0,0
0,0
0,3.50771570110882
0,3.8033942391551
0,0
0,3.49864145013836
0,3.47057160520544
0,0
0,3.57272410806314
0,0
0,0
0,0
0,0
0,3.51242544446923
0,3.52305427426444
0,0
0,0
3.0563564301,0
0,0
0,0
0,0
0,3.55871332325627
0,0
0,0
0,0
0,0
2.2965660095,0
0,0
2.9391613007,3.48985208050363
3.5216426849,3.52213250524784
0,0
0,3.47705421019015
0,0
0,0
0,0
0,3.47954407801743
0,3.51210617956368
0,3.6116988746131
0,3.52001334752564
0,3.51216612408575
0,3.49620946099938
0,0
0,0
0,3.43094264869883
0,0
0,3.47814875772416
0,3.78421834507096
0,3.49640562201253
0,0
0,0
0,0
0,3.51270821752506
0,0
0,0
2.8820018768,3.55196433365363
0,0
0,0
0,3.49551617895604
0,0
0,0
0,0
0,3.46153055316802
0,0
0,0
0,0
0,0
0,3.52431160103582
0,0
0,0
0,0
0,0
0,0
0,0
3.2752552032,3.58414453275662
0,3.63186548913627
0,0
0,0
0,0
0,3.51884089987902
0,3.55129179872403
0,3.50528646339355
0,3.50930291540422
0,0
0,0
0,0
0,0
0,0
0,0
0,0
0,3.54315475001923
0,3.49949698295125
0,3.52523918934305
0,0
0,0
0,0
0,3.50301555051959
2.9172286987,3.59970725309663
0,0
0,3.55902280080053
0,3.51011000382006
0,3.61461010263483
0,3.4832386603094
0,0
0,0
0,3.5813200753702
0,3.48303254349123
0,0
0,0
0,0
0,0
0,0
0,3.49771462497639
0,3.53907353510954
0,0
0,3.51525243910901
0,3.50757965023784
0,0
0,0
0,0
3.5751495361,0
0,3.49678640141636
4.1059417725,3.51401425022965
0,0
0,3.62425813534196
0,0
0,3.4749823714136
0,3.59401362688972
0,0
0,3.48208790409891
0,3.49861526255682
0,0
0,0
0,3.56930175104753
0,0
0,3.57354032910654
3.5751495361,0
0,0
0,0
0,0
5.0146255493,3.55550050147391
0,0
0,0
0,0
0,0
3.2523097992,3.47391283546565
0,3.5484375895319
0,3.51702540278007
0,3.67980722838535
3.6320438385,3.59687707049834
0,3.4726162112522
0,0
0,0
0,3.59438085677024
0,0
0,0
0,3.48169954753525
0,0
0,0
0,3.67656872906417
0,0
0,0
0,0
0,3.49129141607316
0,0
0,0
0,0
0,0
0,3.46087264910473
0,0
0,0
0,3.59460871043849
3.1717834473,3.49323643005493
0,0
0,0
0,0
0,3.60158482823194
0,3.48130490074868
0,0
0,0
0,3.64680511362513
0,0
0,3.48101675447327
0,0
0,3.48631906349104
0,0
0,0
3.4336624146,3.57656935512381
0,3.50243948681347
0,0
0,0
0,0
3.2503738403,0
0,0
0,3.52684797378129
0,3.5117170596202
0,3.4867164282745
0,0
0,3.4961204100522
0,0
0,0
0,0
0,0
0,3.58243147439392
0,0
0,0
0,0
0,0
0,0
0,0
0,3.46854414564228
0,3.59377788550118
0,3.48314792710353
0,0
0,0
0,0
0,0
0,3.51641592320495
3.3809928894,0
0,0
0,3.60568733177817
0,0
0,3.54392750900924
0,0
0,3.49057392393801
3.8856773376,3.51650802687842
0,3.492617394965
0,0
0,3.48438450998945
0,0
0,0
0,3.49757655209672
0,3.51941006164833
0,0
0,0
0,0
0,3.49972061810521
0,0
0,3.50565796487884
0,0
0,0
0,0
0,0
0,3.46947320234673
0,3.56369416207863
0,3.50711382042375
0,0
0,3.52274988043029
0,0
0,0
0,0
0,3.47798464459021
0,0
0,0
0,3.56702974704448
0,0
0,0
0,0
3.4320487976,3.45206849078755
0,0
2.8243484497,0
0,3.48311328259824
0,3.72470264002824
0,3.4916660407252
0,0
0,0
0,0
0,0
0,0
0,0
3.4464874268,3.50988803578974
0,0
0,3.50857136071372
0,0
0,0
4.3707122803,3.52417149880014
0,0
0,0
0,0
0,3.53370514010918
0,0
3.3250350952,3.56294650460444
0,0
0,0
0,3.4611382766234
0,0
0,0
0,3.56284291205837
0,0
0,0
0,3.58575905465726
0,0
0,3.47926872821505
0,0
0,0
0,0
0,3.52228015356147
0,0
0,3.58333140032507
0,0
0,0
0,3.4745899574661
0,3.50088060682277
0,3.56663680138545
0,3.49907094303998
0,0
0,0
0,0
0,0
0,0
2.7688312531,0
0,0
0,0
0,0
0,0
0,0
0,0
0,0
0,3.49744920677169
0,3.6500574305815
0,0
0,0
0,0
0,0
0,0
0,0
0,3.49555725585818
0,0
0,0
4.2002029419,0
0,3.47258226915766
0,3.50644777437329
0,0
0,0
0,0
0,0
3.6584186554,3.49246012618066
0,3.56226934968547
0,0
0,0
0,3.53619741979773
0,0
0,0
0,0
0,0
0,3.54556188995953
0,3.65352292460124
0,3.56213542646947
0,3.50034641919933
0,0
3.8210029602,0
0,3.49218729344593
0,3.48403974161094
0,0
0,3.54770680896163
0,3.48829469239802
0,3.49210304729389
0,3.59551183191916
0,0
4.3592681885,0
0,0
0,0
0,0
0,0
0,0
0,0
0,3.49809267991054
0,0
0,3.5463308740596
0,0
0,3.50222856633145
0,0
0,3.47125836606989
4.5277481079,3.52516438884825
0,3.51045056273873
0,0
0,3.51485195425846
0,3.46888120570036
0,0
3.9269104004,3.46979523186137
0,3.54250875398639
0,3.47496398946757
0,0
0,3.53548719957163
0,0
0,0
0,3.5711869621897
0,0
0,3.53700298693391
0,0
0,3.49638664970535
0,0
0,0
0,0
0,0
0,3.60090274252953
4.0007629395,3.47998584501641
0,0
0,0
0,0
0,0
0,0
0,0
0,0
0,3.52671420857497
0,0
0,0
0,0
0,0
0,0
0,3.62659758937467
0,3.50856005107335
0,3.51647893156668
2.7663173676,3.49852247761493
0,0
0,0
0,0
0,0
0,0
0,0
0,3.53454401517595
0,0
0,3.49105870882013
0,3.49917245497201
0,3.47776506571597
0,0
2.4807300568,0
0,0
0,0
0,3.57809503054688
2.9123497009,3.4858006107278
0,0
0,0
0,0
0,0
0,3.48805618186921
0,3.45632120536779
0,3.497475522321
0,3.58641002552924
0,0
0,0
0,3.51799474305811
0,3.46588892288682
0,0
0,0
0,0
0,0
4.2031974792,3.72396143228081
0,0
0,0
0,0
0,3.4990085215838
0,0
0,3.60984016480483
0,3.51446148963314
0,3.61721006339416
0,0
0,3.49149517230399
0,3.575035614625
0,3.64839341582308
0,3.481680016597
0,0
0,0
0,0
0,0
0,0
0,3.55146400894213
0,3.47080524646602
0,3.47889375230754
0,0
0,0
0,3.53053644556547
0,0
0,0
0,0
0,0
0,0
0,0
0,0
0,0
0,3.50247979597477
0,0
0,3.55453645278401
3.8042144775,3.51537112053958
0,0
0,3.47808196361732
0,0
0,0
0,3.53409327044002
0,3.52151710191904
0,0
0,3.52117645444393
0,0
0,3.51175777139497
0,0
0,0
0,0
0,0
0,3.54694468371662
0,0
0,0
0,0
0,3.83686073556953
0,3.58947222313232
0,3.4869179665635
0,0
0,0
0,0
0,3.4731751620572
0,0
2.9907188416,3.60518504969568
0,0
0,0
0,0
0,3.54588312468223
0,0
0,0
0,3.54965514262506
0,0
0,3.49680089420968
3.3638401031,3.50163383315864
0,0
0,0
0,0
0,0
0,0
2.9365119934,0
0,3.53414019941277
0,3.61518419049406
0,3.49687301071353
0,0
0,0
0,0
3.7316989899,3.65791689326488
0,3.50492613879382
0,0
0,3.58560616947487
0,0
0,0
0,0
0,0
0,3.4881706138669
0,3.62450939901148
0,0
0,0
0,0
0,3.50012060665051
0,3.48370933955158
0,0
0,3.50857446076287
0,3.51392521467113
0,3.4959436038672
0,3.45687333784401
0,3.49040368733622
0,0
0,0
0,0
0,0
0,0
3.4271888733,3.50475959362344
0,3.54607439526434
0,3.56472304493212
0,0
0,0
0,0
0,0
3.0301322937,3.54300606840881
0,0
0,0
3.5807361603,3.47979090532784
0,3.4936954001139
0,0
0,0
0,0
0,3.54312596250945
0,0
0,0
0,0
0,0
0,0
0,3.49000170667007
0,0
0,0
0,0
0,0
0,0
0,3.52025597161524
0,0
0,3.52030794207511
0,3.48863376730853
0,3.52036761853881
0,3.48791630603278
0,0
0,0
0,0
0,0
0,0
0,0
0,0
0,0
0,3.5638673338984
0,0
0,0
0,0
0,3.46894347021359
0,0
0,3.48526732924178
0,0
3.9278945923,3.53614226809841
0,0
0,3.45360794493259
0,0
0,0
0,0
4.6962890625,0
0,3.57329954829011
0,0
0,3.56876119851971
0,3.51485658130548
0,0
0,0
0,0
0,3.50439950728391
0,3.48978219696096
0,0
0,0
0,3.48629719891181
0,0
0,0
0,0
0,0
0,0
0,0
2.6318874359,3.57602914308782
0,0
0,0
0,3.49293285246322
0,0
3.6011390686,3.56207033699015
0,0
0,0
0,0
0,0
0,0
0,0
0,3.52565158857603
0,0
0,0
0,3.47238070982197
0,0
0,3.52771426169904
0,3.51168497715358
0,0
0,0
0,3.47878508713699
0,0
0,3.52583283430859
0,3.50446271419052
0,3.53983370725253
0,0
0,0
0,3.46636705848765
0,0
0,0
0,3.62738195115611
0,3.47259593059983
0,3.49787424677691
0,3.53814273841994
0,3.50775496844918
0,0
0,0
0,4.11772246433959
0,0
0,0
0,0
0,3.59613955149656
0,0
0,0
0,3.50077993414054
0,0
0,0
0,0
0,0
0,0
0,0
0,3.4766702027271
0,0
0,3.47004454983286
0,3.5319446371974
0,3.50794219801717
0,0
4.1873779297,3.79454380506305
0,0
3.3945064545,3.60198271398336
0,0
0,0
3.4578914642,3.50694792145491
0,3.46532083636811
4.139793396,3.80046113540466
0,0
0,3.54050528445415
0,3.51412017539537
0,0
0,3.48674450650854
0,0
0,3.4947041087709
0,3.4881055359376
0,0
0,3.49039691643906
3.4291362762,3.46197836785707
0,0
0,0
0,3.53828123707567
0,0
0,3.63040616759533
0,3.49043647928932
0,0
0,3.5203511639365
0,0
0,0
0,0
0,0
3.4258880615,0
0,3.47464422272772
0,0
0,0
0,3.51066734272078
1.7833900452,3.5380227593937
0,3.63632491590156
0,0
0,3.54336835194425
0,3.6628475030532
0,0
0,0
0,3.50157681129343
0,0
0,0
0,0
0,0
0,0
4.9119186401,3.54791854010035
0,0
0,0
0,3.55117820231488
0,0
0,0
0,0
0,0
0,3.44724061167714
0,3.53740152686873
0,0
3.0349521637,3.66465312621356
0,0
0,0
0,3.48339485643217
0,0
0,3.5256293145233
0,0
0,0
0,0
0,0
0,3.48939735539154
0,0
0,3.48979074652476
0,0
0,3.47135423753062
0,0
0,3.5549237367396
0,0
0,0
3.0397472382,3.49865921301271
0,0
0,3.64546661521448
0,0
0,0
0,0
2.3933391571,0
0,3.53701636446206
0,0
0,3.52376147631515
0,3.53225907871164
0,0
0,3.56627267959918
0,3.4840060861543
0,0
0,3.65519385439025
0,0
0,3.52925408126396
0,3.50245911109181
0,0
0,0
0,0
0,0
0,3.52109927355452
0,0
0,0
0,0
0,0
0,0
0,3.52157618405145
0,0
0,0
0,0
0,0
0,0
0,3.54195300263764
0,0
0,0
0,0
0,0
0,3.49324915758351
0,0
0,3.491225419949
0,3.77676300735766
0,0
0,3.61099731035906
0,0
0,0
0,0
0,0
0,0
0,0
0,0
0,0
0,0
2.9365119934,3.61633171238377
0,0
3.428812027,3.5722098701115
0,0
0,3.4641138364129
0,3.64984208283449
0,3.50896092270658
0,3.47852907152374
0,0
0,0
0,0
0,0
0,0
0,0
0,0
0,0
0,3.49840146705216
3.4336624146,0
0,3.53825355838542
0,3.5085047863674
0,0
0,0
0,0
0,0
0,0
0,0
0,3.47378147437927
0,3.46093443574194
0,0
0,0
0,0
0,0
0,3.53886719480382
1.7833900452,3.47686923774882
0,0
0,0
0,0
0,0
0,3.49050632408748
0,0
0,0
0,0
0,3.51792073561115
0,0
0,3.51465008458879
0,0
0,0
0,3.57891245761633
0,0
0,3.48087776745973
0,3.48719528485174
0,0
0,3.48655000733291
0,0
0,0
0,0
0,0
0,0
0,3.49880552393079
0,3.52918434974481
0,0
0,0
0,3.57342610951203
0,0
0,3.55853766730737
0,3.56011770906744
0,3.5508823524569
0,0
0,3.56250033068873
0,0
0,0
0,0
0,3.51546481656529
0,3.55928347005078
0,0
0,0
0,3.52887178654385
0,0
0,3.51271128628566
0,0
0,3.48758798146806
0,0
0,0
3.6309833527,3.49138589765665
0,0
0,0
0,0
0,0
0,3.49023394155615
0,0
3.0445213318,0
0,0
0,0
0,3.53999902367662
0,0
0,3.54884894929254
3.0864849091,3.48142956828375
0,0
3.0349521637,3.46110503678807
3.4307556152,3.45740383627444
0,3.49975794947903
0,0
0,0
0,0
0,0
0,0
0,3.457395709816
0,3.52616175427286
0,0
0,0
0,3.54081016030427
4.8027877808,0
0,3.58399296809569
0,3.53051783144393
0,0
0,0
0,0
0,0
0,3.49205225548002
3.3246746063,0
0,3.53594448916551
3.9229621887,3.84345815665385
0,0
0,3.57308380085966
2.3887615204,3.69669793450642
0,0
0,0
0,0
0,0
0,3.48437592276102
0,0
0,0
0,3.56933557199761
0,0
0,0
0,0
0,3.52355216220863
0,0
0,0
0,0
0,0
0,0
0,0
0,0
0,0
0,0
4.1221199036,3.51703645971917
0,0
0,3.52444048248702
0,0
0,3.68169392386354
0,0
0,0
0,3.5481001563261
0,0
0,0
0,0
0,0
0,3.47279999537898
0,3.54434843691851
0,0
0,3.49154784104189
0,0
0,0
0,0
0,0
0,0
0,0
0,0
4.0531730652,3.52340856814398
0,0
0,3.51460718183405
0,0
0,3.54790437184553
0,3.48627143085861
0,3.49426076799527
0,0
0,0
0,0
0,3.51992677911522
0,3.50352525565364
0,3.55247185829545
0,0
0,0
0,3.55844478827448
0,0
0,0
3.2846622467,3.50157860706946
0,0
0,3.5921095436561
0,0
0,0
3.7111282349,3.51914696914465
0,0
0,0
0,3.63075578327619
0,3.52901044128515
0,0
0,0
2.3933391571,3.50846396227774
0,3.50226495001259
4.5633049011,0
0,0
0,0
0,0
0,3.59731547368703
0,0
0,0
0,0
0,3.496441213831
0,3.55981511182803
0,0
0,0
0,0
0,0
0,0
0,0
3.5779457092,3.54498395562604
0,0
0,3.50750140229174
0,0
2.3933391571,3.60553607234198
0,3.5598800361506
0,0
0,0
0,0
0,3.51642567580393
0,0
0,3.46250442592532
0,0
0,0
0,0
2.7707099915,3.45261629460259
0,0
0,3.49207637794391
0,3.48104762314456
0,0
0,3.50206826660185
0,0
0,0
0,0
0,0
0,0
0,0
0,0
0,0
0,0
0,0
0,3.53046424609492
0,3.47743650454925
0,0
0,0
0,3.46004233887306
0,0
0,0
0,3.45254644546685
0,0
0,0
3.3268318176,0
0,3.5552522865848
0,0
0,0
0,0
0,3.48660834895988
0,0
0,0
0,0
0,3.63980592830008
0,3.50275872505103
0,3.46244992744722
0,3.49398575890818
0,0
0,0
0,0
0,3.49176236640506
0,0
0,3.48619803490537
0,3.49836873852295
0,0
0,3.50133294078998
0,0
0,0
0,0
0,0
0,0
0,0
0,3.52031951560281
0,3.60736663843427
0,0
0,3.49068077723468
0,0
0,0
0,0
0,3.48068878487965
0,0
0,0
0,0
0,0
0,0
0,3.47187032251679
0,0
0,0
0,3.55811153064532
2.4765377045,0
0,0
0,0
0,0
0,0
0,0
0,0
0,0
0,3.52524931942457
0,0
0,0
0,3.4496690742664
0,3.51038097252981
0,0
0,0
0,0
0,0
0,3.48108644893053
4.1067657471,3.55469483435508
2.9391613007,0
0,3.47817310681813
0,0
0,0
0,3.50665079151618
0,0
0,0
0,0
0,0
0,3.50641751914566
0,0
0,0
0,0
0,3.49736321183001
0,0
0,3.44189735043532
0,0
0,0
0,0
0,0
4.0154800415,0
0,0
0,0
0,0
0,0
0,0
0,0
0,0
0,0
0,0
0,0
0,0
0,0
0,0
0,0
0,0
0,3.58126107145699
0,3.50750695769384
0,0
0,0
0,0
0,0
0,0
3.7907581329,3.4933134034949
0,3.48182808017855
0,3.4848032629868
0,0
0,0
0,0
0,3.4771674340569
0,0
0,0
0,3.54510796489373
0,0
0,0
0,3.49507243741826
0,0
0,3.51796102200108
0,3.52601779124185
0,0
0,0
0,3.46279410855273
0,3.47471476601797
0,3.4916617462808
0,0
3.8458824158,0
0,0
0,0
0,0
0,3.44594170760267
0,0
0,0
0,0
4.2149353027,0
0,3.49028342920502
0,0
0,0
0,0
0,3.6498239839031
0,0
3.0349521637,3.47664995803993
0,0
0,3.55079965039768
0,0
0,0
0,0
0,0
0,3.47309554128502
0,3.49476126056194
0,0
3.5624637604,0
0,0
0,0
0,3.45733162438118
0,0
0,0
0,3.47074240579387
0,0
0,0
0,0
0,0
0,3.52136265851772
0,0
0,3.50038068722224
0,0
0,0
0,0
0,0
0,3.46657006889345
3.0633888245,0
0,0
0,0
0,0
0,3.58177747468767
0,0
0,0
0,0
0,0
0,0
0,0
0,0
0,0
0,3.48206277661037
0,0
0,3.50155143780738
0,0
0,0
0,3.47687764200625
0,0
0,0
0,0
0,0
0,0
0,3.50890825039363
5.4325408936,3.78448138750742
0,0
3.4858436584,3.46988944688765
0,3.61827190599743
0,3.51245403924748
0,0
0,0
0,3.4879544778164
0,3.50152345822794
0,0
0,3.48109482592973
0,0
0,3.52999544776208
0,3.54082661468411
0,3.49222881943592
0,0
0,3.50220968625228
0,0
0,3.50028582886764
0,3.47773218106351
0,3.47182895590718
0,0
0,0
0,3.48209479040816
0,0
0,3.47015363081512
0,3.50484745679289
0,0
0,0
4.233379364,3.4768537661826
0,0
0,0
0,0
0,0
0,0
0,3.4944416959747
0,0
0,0
0,0
0,0
0,0
0,0
0,3.48913071754236
0,3.50040107878908
0,3.48943152736276
0,0
2.8213768005,0
0,3.49242221238361
0,0
0,0
0,3.50637313585047
0,0
0,0
0,0
0,0
0,3.47142812010547
0,0
0,0
0,3.49279600449725
0,3.54503514575771
0,0
0,0
0,0
0,0
0,0
0,0
0,0
0,0
0,0
2.9957313538,3.48725833543481
0,0
0,0
0,3.56631295830587
0,0
0,0
0,0
0,3.50231175984189
0,0
0,0
0,0
0,0
0,0
2.9338550568,3.59100593915761
0,0
0,0
0,3.50339003243981
0,3.62177705065296
0,0
0,0
0,0
0,3.541778999959
0,0
0,3.51227682590306
0,3.5309847459777
0,0
0,3.45687389285942
0,3.47502073439749
0,3.49227785349482
0,0
0,0
0,0
0,3.57728538778843
0,0
0,3.51139380147249
0,0
0,0
3.942401886,3.50053393919607
0,0
0,3.6976230332477
0,0
0,0
0,0
0,0
0,0
0,3.49163629985131
0,3.53094695665719
0,3.47340109518417
0,0
0,0
0,0
0,3.47431840427319
0,0
0,0
0,0
0,3.49347734199994
0,3.50313742348508
0,3.50087492650825
0,0
0,3.50691998954005
0,0
0,0
0,0
0,0
0,0
0,0
0,3.46268390741839
0,0
0,3.50837620299859
0,0
0,0
3.6054973602,3.51446570305088
0,0
0,0
0,0
0,3.49680748127314
0,3.47070377896239
0,0
0,3.48584308379178
0,3.46942206879965
0,0
0,0
0,0
0,0
0,0
0,0
0,0
0,3.49594456289604
0,0
0,3.51633963214935
0,0
0,0
0,0
0,3.52207375540242
0,0
0,3.70038020636455
0,0
0,0
0,0
0,0
0,0
0,0
0,0
0,3.50181940700459
0,3.56484151059541
0,0
0,0
0,0
0,0
0,0
0,0
0,3.46362835648114
0,3.50841343955749
0,0
0,3.55890542995397
3.2771434784,3.49591278758716
0,0
0,0
0,3.52029497100452
0,0
0,3.47848469532843
0,0
0,0
0,3.54303842114276
0,0
0,3.53232743320881
0,3.53700906950576
0,0
0,3.50583684302589
3.1223640442,0
0,0
0,3.46513063266837
0,0
0,3.50268444334229
0,0
0,0
0,3.48377496000279
0,0
0,0
0,3.53142251209359
0,0
0,3.53345291726856
0,3.47692893774417
0,0
0,0
0,0
0,0
0,0
0,0
0,0
0,0
0,0
0,0
0,0
0,3.57810825504453
0,0
0,3.50547680426194
0,0
0,3.51721425549063
0,0
0,0
0,3.51090524638442
0,0
0,0
0,0
0,0
0,3.48423302032739
0,0
0,0
0,0
0,0
0,0
0,0
0,3.48707246161712
0,0
0,0
0,3.52430473517133
0,0
0,0
0,0
0,0
0,3.4904784025379
0,0
0,0
0,0
0,0
0,3.51187195317975
0,0
0,3.4562448120371
0,0
0,0
0,3.57642607305082
0,0
0,0
0,0
0,0
0,0
0,0
0,0
0,3.4490604384499
0,0
0,0
0,0
0,0
0,0
0,3.48651927384347
2.9311923981,0
0,0
0,0
0,3.51869717698085
0,0
0,0
0,0
0,0
0,0
0,0
0,3.47848521008572
0,0
0,0
0,0
0,0
0,3.49918065161782
0,3.58231565297876
0,0
0,3.52303199336703
0,3.50993989317963
0,0
0,3.45106321672225
0,0
0,3.56639843767937
0,0
0,0
0,3.49555275480939
0,0
0,3.50587408452839
0,3.48347533007052
0,0
0,3.48686369305326
0,3.46045588838284
0,0
0,0
0,0
3.4226322174,3.5212363072371
0,3.51458119582906
0,0
0,0
0,3.46895323534598
0,3.52502880549597
0,0
0,0
0,0
0,0
0,3.45433275785518
0,3.52291339672281
0,0
0,0
0,0
0,3.55950971176259
0,3.45141115932809
0,3.5360049869636
0,3.49164175453855
0,0
0,0
0,0
0,0
0,0
0,0
0,3.52003749455456
0,0
0,0
0,0
0,0
0,3.45715510348549
0,3.52786009031919
0,3.49085486197618
0,0
0,3.52680107775576
0,0
0,0
0,0
0,0
0,0
0,0
0,0
0,3.49435610401374
0,3.4721186933902
0,3.4941766753664
0,3.49344827025782
0,0
0,0
0,0
0,0
0,3.45844708902766
0,0
0,0
0,3.50660018956764
0,0
0,0
0,3.48772842697576
0,0
0,0
0,0
0,0
0,3.49106924508178
0,0
0,0
0,3.54785544804096
0,0
0,0
0,3.45951524968884
0,3.48732036888603
0,0
2.3933391571,0
0,0
0,0
0,0
0,0
0,0
2.3978939056,0
0,3.50423273566054
0,0
0,3.49565794069404
0,3.50314372536727
0,0
0,3.43371008673999
0,3.52366121442415
0,0
0,3.4648400977466
0,0
0,3.49255306011149
0,0
0,0
0,3.51402383923336
0,3.46674983725589
0,0
0,0
0,0
0,3.4821963615179
0,0
0,3.4951848339042
0,0
0,0
0,0
3.4858436584,3.51133436715995
0,3.44555762991906
0,0
0,0
0,0
0,0
0,3.45376333301344
0,0
0,0
0,3.46272757077805
0,0
0,0
3.0397472382,0
0,0
0,0
0,0
0,0
0,0
0,0
0,0
0,0
0,3.53548954550812
0,0
0,0
0,0
0,0
0,3.48988433862316
0,0
0,0
0,0
0,0
0,0
0,3.49977037088654
0,0
0,3.49805522348336
0,3.51493822556158
0,0
0,0
0,0
0,0
0,3.53646827734265
0,0
0,0
0,3.5238238596324
0,0
0,0
0,3.4721172887656
0,0
0,0
0,3.49094033168057
0,0
3.8657684326,3.47164791748419
0,0
0,0
0,3.47510046148313
0,3.47646697620422
0,0
0,0
0,0
0,0
0,0
0,0
0,0
0,3.47251327321991
0,0
0,0
0,0
0,0
0,0
3.2542419434,3.48381394061664
0,3.49698913387786
0,0
0,3.56782260578782
3.7123508453,3.54859737625725
0,3.54756121801899
0,3.46094000578085
4.0543861389,3.47032172190066
0,3.48958721229715
3.6038646698,3.52711189475709
0,0
0,3.46021479284496
0,0
0,3.47650502011407
0,3.47274038818277
0,0
0,0
0,3.51547247616812
0,0
0,3.50847154459456
0,3.51925335057234
0,3.50039027092867
0,0
0,0
0,0
0,0
0,0
0,3.4675049536401
0,3.4974323046903
0,0
0,0
4.7883224487,0
0,3.45766415376358
0,0
0,3.46101798456404
0,0
2.8847999573,3.45690421242759
0,3.4673620687173
0,3.4516837609605
0,3.52385317254608
3.906003952,3.47297373480881
0,0
0,0
0,0
0,0
0,0
0,3.5158909827991
0,0
0,0
0,0
0,3.51601056129255
0,3.53885545431941
0,0
0,0
0,3.65041882390582
0,3.53549242257205
0,3.46831131875902
0,3.49461553460093
0,3.4923926888899
0,0
0,3.44670376054056
0,0
4.9205627441,3.52377150100653
0,0
0,0
0,0
0,0
0,0
0,3.54883284923241
0,0
0,0
2.5217189789,3.48706753283859
0,0
0,0
0,0
0,3.46940035157188
2.8870315552,0
0,0
0,0
0,3.48919055955427
0,0
0,3.45529505208288
0,0
0,0
0,0
0,0
0,3.50170945688557
0,3.47996354914929
0,0
0,0
0,0
0,3.47719478421199
2.9338550568,0
0,0
0,0
3.4594650269,0
0,0
0,0
0,3.47009762150236
0,3.49542016313853
0,0
0,0
0,0
0,3.52266225886914
0,0
0,0
0,3.4715750011548
0,0
0,0
0,3.50945166748525
0,0
0,0
0,3.48990714053092
0,0
0,0
0,0
0,0
3.0864849091,0
0,0
0,0
0,3.52346197522697
0,3.48646332369888
0,0
0,0
4.5075569153,0
0,0
0,3.47613895571166
0,3.49271869815718
0,3.46591823586365
0,0
0,3.46312901651777
0,0
0,0
0,0
0,0
0,3.57312430924576
0,0
0,0
3.0883102417,0
0,3.54320035570692
0,3.52629973600176
0,0
0,0
0,0
0,0
0,3.51946033567928
0,0
4.0973396301,3.84071033763411
3.2538547516,3.46208371666775
0,0
0,3.47734251006908
0,0
0,3.4622350670131
0,0
2.9831523895,3.49396454058434
0,3.51781367780488
0,0
0,3.48663340094237
0,3.45550848494128
0,3.46306186160135
0,3.46568986038083
0,3.46107609092649
0,0
0,3.43961744382701
0,3.50499491921138
0,0
0,0
0,0
0,0
0,3.47424890446732
0,0
0,0
0,0
0,3.45520418988051
0,0
0,0
0,0
0,0
0,0
0,3.48178483481912
3.7096710205,3.48191561694737
0,0
0,0
0,0
0,0
0,3.47076184295207
0,0
0,3.46789649549159
0,0
0,0
0,0
0,0
0,0
0,0
0,3.54121248279468
0,0
0,0
0,0
0,0
0,0
0,0
0,0
0,0
0,0
0,0
4.0893287659,3.47321372292488
0,0
0,0
0,0
0,0
0,3.50035108745433
0,0
0,0
3.6597061157,0
0,0
0,0
0,0
0,0
0,0
0,0
0,0
0,0
0,0
0,0
0,3.49283093985833
0,3.45913018528477
0,0
0,0
0,3.46148883602685
0,0
4.1059417725,3.49844209389799
0,0
0,0
0,0
0,0
0,3.45836541817807
0,0
0,0
0,3.57523466841893
0,0
0,0
0,0
0,0
0,0
0,3.52606288270517
0,0
0,0
0,0
0,0
0,0
0,3.44963563622164
0,0
0,0
0,0
0,0
0,0
0,0
3.1734580994,3.53152356680083
0,0
3.9402198792,0
0,0
0,0
0,0
0,0
0,3.45118883054836
0,0
0,3.6192120165779
0,0
0,0
0,3.47629100164956
0,0
3.6014118195,3.49960289921086
0,0
0,0
0,3.56148790805356
0,0
0,0
0,3.53107220584407
3.128950119,3.46186581362106
0,3.4529179209806
0,0
0,0
0,0
0,0
0,0
0,0
2.7663173676,0
0,3.44764958917407
0,0
0,0
0,0
4.1059417725,0
0,0
0,0
0,3.44993724420175
0,0
4.057849884,0
0,0
0,0
0,0
0,0
0,0
0,0
0,0
0,3.4765752887831
0,0
0,3.46699420735023
0,3.47094268960444
0,3.47228162350075
0,0
0,0
0,3.48792032843226
0,0
0,0
0,3.46620766234741
0,0
4.1319580078,3.47882717251283
0,3.4715034375359
0,0
0,0
0,3.48655390907537
0,0
0,0
0,0
0,0
0,0
0,0
0,0
0,0
0,0
0,0
0,0
0,0
2.0668621063,0
0,0
0,0
0,0
0,0
0,3.43908891553709
0,0
0,0
0,0
0,0
0,0
4.3650054932,3.519915862353
0,3.47771874572889
0,0
0,0
0,0
0,0
0,0
0,0
0,0
0,3.46320438887888
0,0
0,0
0,0
0,0
0,0
0,0
0,3.54534381069304
0,0
0,0
0,3.54148757777073
0,0
0,3.49236225198849
0,0
0,0
0,0
0,0
1.6074352264,0
0,3.4748779175581
0,0
0,3.46066858191166
0,0
0,3.45882662146133
0,0
0,0
0,0
4.737071991,3.57541951606528
3.7111282349,0
0,0
0,0
0,0
0,0
0,3.45138346112069
0,3.47325246078908
0,0
0,0
0,0
0,0
0,0
0,0
0,0
0,3.51418560564173
0,3.47002980081798
0,0
0,3.49651434523658
0,3.47464803044982
0,0
0,0
0,3.50025887279489
0,0
0,0
0,0
0,3.46354903011171
0,0
0,0
0,0
0,0
0,0
4.2875747681,3.46262449056553
0,0
0,3.48867940110899
0,0
2.191652298,3.54585346917348
4.7430152893,3.51133904484169
0,0
0,0
0,0
3.4610366821,3.55402318275916
0,0
0,3.49597348380982
0,0
0,3.46846261282799
0,0
0,0
0,0
4.8539009094,3.65426763080432
0,3.4701912824384
0,3.46329887120525
0,0
0,0
0,3.45292669440399
0,0
0,0
0,0
0,0
0,0
3.0397472382,0
0,0
0,0
0,0
0,0
0,0
0,0
0,0
4.0884933472,0
0,0
0,0
0,0
0,3.48123908153154
0,3.46860050515823
0,3.62291390782906
3.7062263489,3.48378443233899
0,3.53666553734365
0,3.48011780873568
0,3.46972926014964
0,0
4.0822715759,3.67880349951102
0,0
0,3.4481102275775
5.2369689941,0
0,0
0,0
0,0
0,0
0,0
0,0
0,0
0,3.54596863638031
0,0
0,0
0,0
0,0
0,3.46422160239277
0,0
0,0
0,0
0,3.43795664670719
0,0
4.0224876404,3.52501649490871
0,3.48929543557315
0,0
0,0
0,0
0,3.4437319290236
0,0
0,3.47264310067382
0,0
0,0
0,0
0,0
0,0
0,0
0,3.4680084730735
0,0
0,3.47064674614264
3.2523097992,3.44262558835327
0,3.4634458614278
0,3.45066118256738
0,0
0,0
0,3.46058651043487
0,0
2.9856796265,0
0,0
0,0
0,3.46303287960534
0,3.4597165218023
0,3.46990870696625
0,3.52552945914562
0,0
0,0
0,3.44229289859296
0,3.43276622288196
2.3969841003,0
0,0
0,0
0,0
0,0
0,0
0,0
0,0
0,0
0,0
0,3.43941412239329
0,0
0,0
0,0
0,0
0,0
0,0
0,0
0,3.46627448066651
0,0
0,0
0,3.58086796251229
0,0
0,3.47356188401787
0,0
0,0
3.9306468964,3.53096264488852
0,0
0,0
0,3.49635046362526
0,0
0,0
0,3.52252404211945
3.2464904785,0
0,3.44307927053744
0,3.49622698610798
0,0
0,0
0,0
0,3.47280457278165
0,0
0,0
0,0
0,3.48756435695247
0,3.48098685777387
0,0
0,0
0,3.45725395163594
0,0
0,0
0,0
0,0
0,0
0,0
4.2570266724,3.47258630962332
0,0
3.3638401031,0
0,3.50018458047677
0,0
0,3.44845958934776
2.7719631195,0
0,0
0,0
0,3.44205455813799
0,3.48912378013077
0,0
0,0
0,0
4.0901679993,3.49973327805234
0,0
2.3933391571,0
0,0
0,0
0,3.52800786764724
3.1354923248,3.66875683429112
0,0
0,0
0,0
0,3.4904595109965
0,3.47187779768475
0,3.50159060460957
0,0
0,3.45113196915253
0,3.48480838010078
0,0
0,0
0,3.44185819278629
0,0
0,0
0,3.48619268503507
0,3.47061082467896
0,0
0,0
0,0
0,0
0,0
0,3.44420970441744
0,0
0,0
0,0
0,0
3.8846511841,3.47812835491388
0,3.4855859470077
0,0
0,3.50251486955316
0,0
0,0
0,0
0,0
0,0
0,3.44929075972175
4.4248428345,3.69058956821044
0,3.44897403831219
0,0
4.3140144348,0
0,3.47595996321564
0,0
0,3.44034973018027
0,0
0,0
0,0
0,0
0,3.47431831083477
0,0
0,3.46486267432696
0,3.46250193765664
0,3.44251523011656
0,0
0,0
0,3.45953777244062
0,3.46385190467476
0,3.47357819527668
0,0
0,0
0,0
0,0
0,3.45047354575916
0,0
0,0
0,0
0,3.46965928981671
3.7541980743,0
0,0
0,3.44173145853032
0,0
0,0
0,3.4919340426454
0,0
0,3.48285897291135
0,0
0,0
0,0
0,3.46921794404233
0,3.48449303245538
0,3.51212486041225
0,0
2.4756965637,3.46580568656724
0,3.45399023198311
0,0
0,0
0,0
3.7681522369,3.461406541872
3.9296646118,3.5181101479206
0,3.43801302142954
0,0
0,0
0,0
0,0
0,3.43543327020545
4.3795204163,3.53418301756814
0,0
0,3.47279689490387
3.9049968719,3.45577322785381
0,0
0,0
0,0
0,0
0,0
0,0
0,3.45749371235174
3.3961830139,0
0,0
0,0
0,0
0,3.4481408933885
0,0
0,0
0,3.47650088735607
0,0
0,0
0,0
0,3.53164969292386
0,3.49221041092531
0,0
0,0
0,0
0,0
0,0
0,0
0,3.48032486410688
0,0
0,0
0,0
0,0
0,0
0,0
2.191652298,3.47335060582712
0,3.47494500415082
0,0
0,0
0,0
0,0
0,0
0,3.64879974246576
0,0
0,3.49369630076496
0,0
0,0
0,0
0,3.47895463335841
0,3.46461481837695
0,3.45203584723066
0,0
0,0
0,0
0,3.48959121518328
0,0
0,3.45413227457844
0,3.49721754286641
0,0
0,3.48553374972764
0,3.48436163378516
0,0
0,0
0,0
4.3932113647,3.4481633106829
3.5807361603,3.55217690151374
0,0
0,3.5137552067207
0,3.49833531955052
0,0
0,0
0,3.45395822114803
0,0
0,0
0,0
0,3.47110763698561
0,0
0,0
0,0
0,3.49450254030163
0,0
0,0
4.4048881531,3.46780909280688
0,3.52107572705676
0,0
3.4836978912,3.58210487866655
0,3.43880061132652
0,0
1.5993871689,0
0,0
0,0
0,3.59334038940707
0,3.50618786586165
0,3.47126172401772
2.7600078583,3.4716779300866
0,0
0,3.46979572414664
0,0
0,0
0,0
0,3.47477069570543
3.3268318176,0
0,0
0,3.48904780561369
0,0
0,0
0,3.46453020121437
0,3.46937497555958
3.2124538422,3.48377149650539
0,3.45168733290377
0,3.51080142193916
0,0
0,0
0,0
3.1505966187,0
0,3.50181672124306
0,0
0,0
0,3.45195072043064
0,0
0,0
0,3.51315109377756
0,0
0,0
0,3.44985039840187
0,0
0,3.46860124420289
0,0
0,3.45701133884358
0,0
0,0
0,3.44142837232605
0,3.45920451331826
0,0
0,0
0,0
0,0
0,0
0,3.46584085485006
0,3.43723422291342
0,3.46670619090089
0,3.4819969144027
0,0
0,0
0,3.50910665640204
0,0
0,0
0,0
0,0
0,0
0,0
0,0
0,0
0,0
0,0
0,0
0,0
0,0
3.042137146,3.48149535637447
0,3.47078872506782
0,3.44882531492551
0,0
0,0
0,3.44997306418273
0,0
0,0
0,0
0,3.59995543322272
3.4563159943,3.45252707665446
0,3.53195107830474
0,3.48623574601118
0,0
0,3.52290206384163
0,3.5039680831032
0,3.50059974481824
0,0
0,0
0,3.46163908092544
0,0
0,3.4782375709785
0,0
0,3.5390313286307
0,0
0,3.46483591195024
0,3.44210465216672
0,3.50564970872708
0,3.44097174359663
0,3.46650293933428
0,0
0,0
0,3.4459498972949
0,3.48694991514154
0,0
3.7784900665,3.52476901109716
2.4336128235,3.63246211693155
0,3.45562349615204
3.5790634155,3.50437959803555
0,0
0,0
0,3.46578661005598
0,0
0,0
0,0
0,0
0,0
0,0
0,3.45150556110612
0,0
0,3.45863135131737
0,0
4.432598114,0
0,3.45967692597816
0,3.49759202815668
0,0
0,3.43583262472326
0,0
0,0
0,0
0,3.49116510308986
0,0
0,3.4567682825712
0,0
0,3.48228470880202
0,0
0,0
0,0
0,0
0,0
0,0
0,0
0,3.45728365923672
0,0
3.9625244141,3.52567475311784
0,0
0,0
0,0
0,0
0,3.53817754878422
0,3.48985037740357
0,0
0,0
0,0
0,3.54881401256741
0,3.47089133236204
0,0
0,0
0,3.44755368054497
0,0
0,3.61403322412967
0,0
3.6346855164,3.5631306820718
0,3.49139503677802
0,3.53654770812713
2.8847999573,0
0,3.45103707170006
0,3.45072277110857
0,0
0,0
0,0
0,0
0,0
0,3.45896071411472
0,0
0,3.47653815835416
0,0
0,0
0,3.47992083164263
0,3.48350567628597
0,3.45180420910752
0,3.50745530749743
0,0
0,0
0,0
3.2288246155,0
0,3.45660983807813
0,0
0,0
0,3.45376381136753
0,0
0,3.46503258861914
0,3.48425533827011
0,3.47217631629323
0,3.51227292627081
2.7568397522,0
0,0
4.7617454529,0
0,0
0,0
3.4307556152,3.49866257707982
0,0
0,3.46002381323557
0,0
0,0
0,0
0,0
0,0
0,0
0,3.46767760232227
0,0
0,3.51899040971183
0,3.50526726167951
0,0
0,0
0,0
0,0
0,0
0,0
0,3.49601033917349
0,0
0,0
0,0
0,3.4284303295453
0,0
0,0
0,3.45838448510747
3.2108421326,0
0,0
0,0
0,0
0,3.45763053431418
0,0
0,0
2.3933391571,3.45041566133761
0,0
0,0
0,3.5003943512152
0,3.44230238961161
0,3.47774806446071
2.7568397522,0
2.5649490356,3.5089253433855
0,0
2.3933391571,0
0,0
0,0
0,0
0,0
0,3.45531377463518
4.0561218262,3.46338940587141
0,0
3.5055561066,3.48685254853295
0,0
0,0
0,0
0,0
0,0
0,0
0,3.49221486595653
0,0
0,0
0,3.43136083701341
0,0
0,3.44509803333125
0,0
0,0
0,0
0,0
0,0
0,0
0,0
0,3.49144519089291
0,3.65496984201188
0,3.49150984467663
0,3.56219123228223
0,0
0,3.57012361238441
0,0
0,3.48562950939981
0,3.47137288870193
0,0
0,0
0,0
0,0
0,3.48740084869178
3.4275131226,3.45781904392545
0,0
0,3.52176146730431
0,3.46451795733997
0,3.46148539998751
0,0
3.2561702728,3.47384298460116
0,0
0,3.59870353017292
2.8847999573,3.48421331675395
0,0
2.6354789734,3.49288696959684
5.1686630249,0
0,0
0,3.4815975144426
0,0
0,3.48545239847362
0,0
0,0
0,0
0,0
0,3.54902653171484
0,0
0,0
0,3.57481625743186
0,0
0,0
0,0
0,0
0,3.50900349418517
0,0
0,0
0,0
0,0
0,0
0,0
0,0
0,0
0,0
0,0
0,0
0,0
0,0
0,0
0,0
0,0
0,0
0,3.47331993143957
2.3933391571,3.50655071490355
0,0
0,3.45244064039996
0,0
0,0
0,0
0,3.49486781688074
0,0
0,0
3.491645813,3.48467342765668
0,0
0,0
0,0
0,0
0,0
0,0
0,0
0,0
0,3.48898842979025
0,0
0,0
0,0
0,0
0,0
0,0
0,0
0,0
0,3.46949052125803
0,3.47606550572916
0,0
0,0
3.8905944824,0
0,3.48407833585807
3.2913818359,3.55701697591059
0,0
0,3.52034735407855
0,0
0,0
0,0
0,0
0,3.4745496677005
0,0
0,0
0,0
0,0
5.5081710815,3.55846181131167
0,0
0,0
0,0
0,0
0,0
0,0
0,3.45820651747194
0,0
0,0
3.0373516083,3.46870451250157
0,0
3.7099056244,3.45411875948645
3.2108421326,0
0,3.58357890324442
3.335767746,3.60412014332463
0,3.4620800289959
0,0
0,0
0,3.58445977711124
0,3.49548119592305
0,0
0,0
0,0
0,3.53530024646181
0,0
0,3.47869987357311
0,3.49250248507629
0,0
0,3.46282801043097
3.521938324,3.48921112710741
0,0
0,0
0,0
0,0
0,3.48029677464326
0,0
0,3.45825100478824
0,0
0,3.52369277537226
0,0
0,0
0,3.47655746370119
0,0
3.0841999054,0
0,3.46518578514721
0,0
0,0
0,3.48941340527086
0,0
0,0
0,0
3.3477954865,3.47337576921499
0,0
0,0
0,3.45143143878402
0,0
0,0
0,3.48854684130419
0,0
0,0
0,0
0,3.52452962619182
0,0
0,0
0,3.4696368915483
0,0
0,0
0,0
0,0
0,0
0,0
0,3.46622727774143
0,0
0,0
0,0
0,0
0,0
0,3.50448363281784
0,0
0,0
0,0
0,0
0,0
0,0
0,0
0,0
0,0
0,0
0,0
0,3.45612062728908
0,0
0,0
0,0
0,0
0,0
0,0
0,3.53736843534273
0,0
0,3.55984200619536
0,0
0,0
0,0
0,0
0,0
2.8243484497,0
0,0
0,0
0,3.46916696119317
0,0
0,0
0,0
0,0
0,0
0,0
0,0
0,3.45119754571746
0,0
0,3.44851970513265
0,0
0,0
0,0
0,0
0,3.45014903340717
0,3.45771838511915
0,0
0,0
3.8019828796,3.5064366349111
3.521938324,3.49178814309987
0,0
2.3015842438,0
0,0
0,0
0,0
0,3.45200903643729
0,3.46478721027797
0,3.4381862368923
0,0
0,3.47738506877864
3.9278945923,3.47019450680563
0,0
0,0
3.7563037872,3.46662393306683
0,0
0,0
0,0
0,3.46677731394668
0,0
0,0
0,0
0,3.45419987108623
0,0
0,3.58338718847683
0,3.53680891823907
0,0
0,0
0,0
0,0
0,0
0,0
0,0
0,0
0,3.47393671135309
0,3.46192248047249
0,0
0,0
0,0
0,3.44508196586586
0,0
0,0
0,3.48308363541485
0,3.47984769673683
0,3.47213342006275
0,0
0,0
0,0
0,0
0,3.48842310819162
0,0
0,3.43585302816049
0,0
0,0
0,3.48258305335823
0,0
0,0
0,0
0,0
0,0
0,3.52067626728605
0,3.48499667857931
0,0
0,0
0,0
0,3.46638958611943
0,0
0,0
0,0
0,0
0,0
0,3.46484564454096
0,0
0,3.48769281158972
0,3.46789509305197
0,0
0,0
3.6038646698,3.50068983021896
4.2863388062,0
0,0
0,3.4599588505569
0,3.43661229449819
0,3.50138660510598
0,0
0,0
0,0
0,3.62925820100213
0,0
0,3.49424154091356
0,0
0,0
0,0
0,0
0,3.50614694011454
0,0
0,3.45324796449483
0,3.50498348979804
5.4238471985,3.71393066204936
0,0
0,0
0,0
0,3.47116931899354
0,0
0,0
0,0
3.9318237305,0
0,3.51040641916465
0,0
0,0
0,0
3.7635211945,3.51918927977918
0,0
0,0
0,0
0,3.47583010636126
0,0
0,3.45050485582652
0,0
0,3.52904215973187
0,3.46087564430493
0,0
0,0
0,0
0,0
0,3.47258172701998
0,0
0,0
0,0
0,0
4.0552558899,3.49750172932975
0,3.44905310385615
0,0
0,0
0,0
4.269695282,3.5665565575802
0,3.45373631602927
0,0
0,0
0,0
0,0
2.8530139923,3.4292080549636
0,0
0,3.45774882535941
0,3.50710527010602
0,0
0,0
0,3.66645088033806
0,0
0,0
0,0
0,0
0,3.47552987614736
0,0
0,0
0,0
0,0
0,0
0,3.47163225064305
0,0
0,3.46080043657845
0,0
0,0
0,3.50516199155233
0,0
0,3.50286448375574
0,0
0,0
0,0
0,0
0,0
0,0
0,0
0,0
0,0
0,0
0,3.46177016593436
0,0
0,0
0,0
3.973115921,3.55520086108958
0,0
0,3.45024929899493
0,0
0,3.45223078057759
0,0
0,0
0,0
0,0
0,0
0,3.5124847451133
0,0
0,3.48272984705522
0,0
0,0
0,0
0,0
0,0
0,0
0,0
0,0
0,0
0,0
0,3.48316631060397
0,3.47763461693185
0,0
0,0
0,3.4565244644114
0,0
0,0
0,0
0,0
0,0
0,3.54713531458367
0,0
0,0
0,0
0,0
0,3.4739935781886
0,0
0,0
0,0
0,3.48745585599955
0,0
0,0
0,3.63002072027846
0,0
0,0
0,3.46684312510785
0,0
0,0
0,0
0,0
0,3.543297670951
0,0
0,0
0,0
0,0
0,0
0,0
0,0
0,3.49679821024418
0,0
0,0
0,0
0,0
0,0
0,0
0,0
0,0
0,0
0,0
0,0
0,3.49395247834927
0,0
0,0
0,0
0,0
0,0
0,0
0,0
0,0
3.9834117889,0
0,0
0,0
0,3.45163043339048
0,0
0,3.44380749538206
0,0
0,3.46465752167207
3.6838665009,3.44052493980425
0,0
0,3.45428146131345
0,3.46481232737529
0,0
0,0
0,0
0,0
0,0
0,3.43180385078146
0,3.5331696474441
0,3.48263896699987
0,3.466589405391
0,0
3.9288787842,3.46079402639773
3.1696834564,0
0,0
0,0
0,0
0,0
0,0
0,0
0,0
0,0
0,0
0,0
0,0
0,0
0,0
0,0
0,0
0,0
0,0
0,0
0,3.46019603408743
0,0
2.8820018768,0
3.1285114288,3.4730947952326
0,3.4388636076312
0,0
0,0
0,0
0,0
0,0
0,0
0,3.48267030374663
0,3.47654740586058
0,0
0,0
0,3.46050964990588
0,0
0,0
0,0
4.0561218262,0
0,0
0,0
0,0
0,3.45664061687877
0,0
0,0
0,0
0,0
0,0
0,3.51521526304681
0,0
0,3.47965151068582
0,0
0,0
0,3.48062066819092
0,0
0,0
0,0
0,0
0,3.50481674777673
0,3.50792578991948
0,0
0,3.48300773643223
0,0
0,0
0,0
0,0
0,0
0,0
3.0349521637,0
0,3.46397309319807
0,0
0,0
0,0
0,0
0,0
0,0
0,0
0,0
0,0
0,0
0,0
0,0
0,3.46687971975936
0,0
3.0349521637,0
0,3.45032918316002
0,0
0,0
0,0
1.7833900452,3.446214961553
0,3.49444254334643
0,0
0,0
0,0
0,0
3.54961586,0
0,3.49470757142372
0,0
0,3.49568130274893
0,3.46435859512067
0,3.44293122806402
0,3.46939577105456
0,0
0,0
0,0
0,0
0,0
0,0
0,0
0,0
0,0
0,0
0,0
0,3.47470817352012
0,0
0,0
3.9037876129,0
0,3.46354103972749
0,3.44730471374905
0,3.46487567867568
0,0
0,0
0,0
0,0
0,0
0,0
0,0
0,0
0,0
0,0
0,0
0,0
4.4687767029,0
0,0
4.1797561646,0
0,3.49677705348058
0,0
0,0
0,0
0,3.46933134554408
0,0
0,0
3.9852714539,0
0,0
0,0
0,3.44066602766003
0,3.44493758224419
0,3.54607034408638
3.3621082306,0
0,3.49556685549489
0,3.46411893644396
0,0
0,0
0,0
0,3.48186903147231
3.5807361603,0
0,0
0,0
0,0
0,0
0,0
0,0
0,0
0,0
0,0
0,0
0,3.45084799524655
0,0
0,0
0,0
0,0
0,0
0,0
0,0
0,0
0,0
0,0
0,0
0,0
0,0
0,3.4628408944067
0,3.46080960464161
0,0
0,0
0,0
0,0
0,0
0,0
0,0
0,0
0,0
0,0
0,0
0,3.45123154378339
0,0
0,3.46540345514824
0,3.4736565583629
0,0
0,0
0,0
0,3.45442869591473
0,3.4826578780889
0,0
0,0
0,0
1.6094369888,0
0,0
0,0
0,3.45559747318276
0,3.44608727634835
0,0
0,0
0,0
0,0
0,0
0,0
0,0
0,0
0,0
0,0
0,0
0,0
0,3.45276031725889
0,0
0,3.47073647651442
0,0
0,0
0,0
0,3.46080008881664
0,3.45237360845302
0,0
0,0
0,0
0,0
0,0
0,0
0,0
0,0
0,0
4.1149635315,3.47428883774415
0,0
0,0
0,3.45836876835193
0,0
0,0
0,0
0,0
0,0
0,0
0,0
0,0
0,0
0,0
0,3.45769154040871
4.0289154053,0
0,0
0,3.48202147152452
0,3.43568230184716
0,3.46752776402065
0,0
0,3.45427759557625
0,0
0,0
2.8273124695,0
0,0
0,0
0,3.45308333242101
0,3.45097292109679
0,3.45567088069572
0,0
0,0
0,0
0,0
0,0
0,0
0,0
0,3.44349600730599
4.0298042297,3.48673780158235
0,0
0,0
0,0
0,3.47037755338736
0,3.43240476198588
0,3.46123771951182
0,3.4648063836833
2.3887615204,0
0,3.44027051323926
0,0
0,0
0,3.46239772160934
0,0
0,0
0,0
0,0
0,0
0,0
0,0
0,0
0,3.45950069691802
0,0
0,0
0,0
3.3945064545,3.4575989093283
0,0
0,3.48365739434988
0,0
0,3.44936830372714
0,3.4562978936812
0,0
0,0
0,0
0,0
0,0
0,0
5.003944397,3.44913635915204
3.0368728638,0
0,0
0,3.46383276656278
0,3.44218262842032
0,3.50781795449818
0,0
0,0
2.0082130432,0
0,0
0,0
0,0
0,0
0,0
0,0
0,0
0,0
0,0
0,0
0,0
0,3.48981765767194
0,0
0,0
0,3.45838828433452
0,3.45639237142052
0,0
0,0
0,0
0,0
3.2503738403,0
0,0
0,0
0,3.47360539997647
0,0
3.2128562927,0
0,0
0,0
0,0
0,0
0,0
0,0
0,0
0,0
0,0
0,0
4.2862014771,3.47472929078833
0,0
0,3.49728829463236
0,0
0,0
0,0
0,0
0,0
0,0
0,0
0,0
0,0
0,0
0,0
0,3.45593352669294
0,0
0,3.44107915666001
0,0
0,0
0,3.46482808085641
0,0
3.1738777161,3.49139131652176
0,0
0,0
2.9365119934,3.43985675699559
0,0
2.9668178558,0
0,0
0,0
0,0
0,0
0,0
3.3285865784,0
0,0
0,0
0,0
0,3.43201426584168
0,0
0,0
0,0
0,0
0,0
0,0
0,0
0,0
0,0
0,3.44293882693105
0,0
0,0
0,0
4.4097595215,0
0,0
0,0
0,0
2.7663173676,0
0,0
0,3.46659560327889
0,3.52077275277147
0,0
0,0
0,0
0,3.4551753407301
0,0
0,0
0,0
0,3.50105004432042
0,0
5.0542678833,3.50806368138835
0,0
0,0
3.5478897095,0
0,0
0,3.46664710338802
0,0
0,0
0,0
0,3.47062047515309
0,0
0,0
0,3.44040749664039
0,3.4705289567343
0,0
0,0
0,0
0,0
0,0
0,0
0,0
0,0
0,3.44302481881762
0,0
0,0
0,0
0,0
0,0
0,0
0,0
0,0
0,3.453633054855
0,0
0,0
0,0
0,0
0,3.44568979421966
0,0
0,0
0,0
0,0
0,3.4458343573671
0,0
0,0
0,0
0,3.46205248716413
0,0
0,0
0,0
0,0
0,3.45689341739019
0,0
0,0
0,0
0,3.52310158476699
0,0
0,0
0,0
0,0
0,3.48459365072073
0,0
0,3.44925009025331
0,0
5.0096321106,0
0,3.44648541498148
0,0
0,0
4.0775337219,3.44899636707508
0,0
0,0
0,0
0,0
5.2933044434,0
0,0
2.8847999573,3.45379019557932
0,0
0,0
0,0
0,0
0,0
0,0
0,0
0,3.46098842958956
0,0
0,0
0,0
0,0
0,0
0,0
0,0
0,0
0,3.48172411597034
0,0
0,0
0,0
0,0
0,0
0,0
0,0
0,0
0,3.47421686474461
0,0
0,0
0,0
0,0
0,3.44389602041626
0,3.42974238315025
0,3.47461761241685
0,3.4380340242289
0,0
0,0
3.1696834564,0
0,0
0,0
0,3.44342065898549
0,0
0,0
0,0
0,0
0,0
0,0
0,0
0,0
0,0
0,0
0,0
1.7833900452,3.46507839985236
0,0
0,3.4744008534434
0,0
0,0
0,0
0,0
0,0
0,0
0,3.43699686631173
0,0
0,0
0,3.44275863071613
0,0
0,0
0,0
0,0
0,0
0,0
0,3.50048535896063
0,0
0,0
0,0
0,0
0,0
0,3.48128201394967
0,0
0,0
0,0
0,0
0,0
0,0
0,0
0,0
0,0
0,0
0,0
0,0
0,3.45322006885702
0,3.45830025220422
0,0
0,0
0,0
0,0
0,0
0,0
0,0
0,0
0,0
0,0
0,0
0,0
0,0
0,0
0,0
0,0
0,0
0,3.43170092144954
0,0
0,0
0,0
0,0
0,0
3.4610366821,0
0,0
0,0
0,0
0,0
0,0
0,0
0,0
0,3.4450983852055
0,0
2.9391613007,0
0,0
0,0
0,0
0,0
0,0
0,0
0,0
0,0
0,0
0,0
0,0
0,3.46004030948508
0,0
0,3.45288495285271
0,0
0,3.45176590891446
0,0
0,0
0,0
0,0
0,0
0,0
0,0
0,0
0,3.48181812865141
0,0
0,0
0,0
0,0
0,0
0,0
0,0
0,0
0,0
0,0
0,0
0,0
0,3.431658195757
0,0
0,0
0,0
0,0
0,0
0,3.42700539933339
0,0
0,0
0,0
0,0
0,0
0,0
0,3.45320944545519
0,3.45172749974619
0,0
0,0
0,3.47434612859325
0,0
0,0
0,3.44639888342899
0,3.46415340768097
0,3.45212144142244
0,0
0,3.50531968290784
0,0
3.5186824799,3.49653083157677
0,3.44992993592473
0,0
4.4529495239,3.48169276209951
0,0
0,0
0,0
0,0
0,0
0,0
0,0
0,0
0,0
0,0
0,0
0,3.4451108807751
0,0
3.2148666382,3.45865587692004
0,0
0,3.45246218155002
0,3.47132236751284
0,0
4.2150840759,0
0,3.44946845662732
0,0
0,0
0,0
3.2108421326,0
0,0
3.2786521912,3.44637039119548
1.7900905609,0
0,0
0,0
0,3.45114622761992
0,3.42621960600444
0,0
0,3.45904036404801
0,0
0,3.45090880990959
0,0
0,0
0,0
0,3.44777286924056
0,0
1.7917585373,3.48518493859819
0,0
2.0668621063,3.4432814100966
0,3.43560690000275
0,0
0,0
0,0
0,0
0,3.44317575032822
0,0
0,0
0,0
0,0
0,3.47243202033286
0,0
0,0
0,0
0,0
0,0
0,0
0,0
0,3.45759701593426
0,3.45248205592161
0,0
4.1541824341,0
0,3.43756722596283
0,0
0,0
3.0883102417,3.46603694289378
0,0
0,0
0,0
0,0
0,0
3.0155334473,3.44784338893754
0,3.46755283417021
0,0
0,0
0,0
3.7762012482,0
0,3.44257771874116
0,3.45257576924617
0,3.43540749462636
0,0
3.3958492279,0
0,0
0,0
0,0
0,0
0,0
0,0
0,0
0,0
0,0
0,0
0,0
0,3.43841580436764
0,0
0,0
0,0
0,0
0,3.4739013624884
0,0
0,0
0,3.48642983121293
0,0
0,0
0,0
2.7663173676,0
0,0
0,0
0,0
0,0
0,0
0,0
0,3.45725114207292
0,0
0,3.44675344049991
0,0
2.3933391571,3.45104017013432
0,3.45758611147823
0,0
3.3286247253,0
0,0
0,0
0,3.43655846105798
0,3.4556455029837
0,0
0,0
0,3.4426836545958
0,0
0,0
0,0
0,3.43415622437356
0,0
0,0
0,0
0,0
0,0
0,0
0,0
0,0
0,0
0,0
0,0
0,0
0,0
0,3.4371696324891
0,0
0,0
0,0
3.8247184753,3.42788718058923
0,3.41968021218679
0,3.44130009455497
0,0
0,3.42776079557035
0,3.46103860668669
0,3.40501204824984
0,3.43070778208939
4.7455368042,3.46299850818993
0,3.44014382500782
0,3.44300196391755
0,3.47191915956416
0,3.46151436695349
0,3.47414390284522
0,3.47613565427894
0,3.48057804625748
0,3.48601933608761
5.003944397,3.54701535176657
0,3.84430138039256
0,6.58533833411211
0,6.6204833584322
