OBS,Treatment,Flaking
1,PyrI,17
2,PyrI,16
3,PyrI,18
4,PyrI,17
5,PyrI,18
6,PyrI,16
7,PyrI,17
8,PyrI,20
9,PyrI,17
10,PyrI,17
11,PyrI,15
12,PyrI,18
13,PyrI,17
14,PyrI,17
15,PyrI,17
16,PyrI,15
17,PyrI,17
18,PyrI,16
19,PyrI,20
20,PyrI,17
21,PyrI,17
22,PyrI,17
23,PyrI,18
24,PyrI,18
25,PyrI,17
26,PyrI,18
27,PyrI,18
28,PyrI,19
29,PyrI,16
30,PyrI,17
31,PyrI,18
32,PyrI,20
33,PyrI,19
34,PyrI,18
35,PyrI,19
36,PyrI,17
37,PyrI,19
38,PyrI,15
39,PyrI,19
40,PyrI,18
41,PyrI,19
42,PyrI,16
43,PyrI,19
44,PyrI,17
45,PyrI,18
46,PyrI,17
47,PyrI,16
48,PyrI,16
49,PyrI,17
50,PyrI,18
51,PyrI,17
52,PyrI,17
53,PyrI,15
54,PyrI,18
55,PyrI,19
56,PyrI,17
57,PyrI,18
58,PyrI,18
59,PyrI,18
60,PyrI,18
61,PyrI,18
62,PyrI,20
63,PyrI,16
64,PyrI,18
65,PyrI,19
66,PyrI,15
67,PyrI,18
68,PyrI,16
69,PyrI,16
70,PyrI,17
71,PyrI,19
72,PyrI,15
73,PyrI,17
74,PyrI,18
75,PyrI,17
76,PyrI,18
77,PyrI,18
78,PyrI,17
79,PyrI,18
80,PyrI,16
81,PyrI,17
82,PyrI,17
83,PyrI,17
84,PyrI,17
85,PyrI,17
86,PyrI,17
87,PyrI,17
88,PyrI,18
89,PyrI,18
90,PyrI,17
91,PyrI,17
92,PyrI,18
93,PyrI,18
94,PyrI,18
95,PyrI,18
96,PyrI,17
97,PyrI,17
98,PyrI,17
99,PyrI,17
100,PyrI,18
101,PyrI,16
102,PyrI,19
103,PyrI,19
104,PyrI,17
105,PyrI,19
106,PyrI,17
107,PyrI,15
108,PyrI,16
109,PyrI,18
110,PyrI,18
111,PyrI,17
112,PyrI,17
113,PyrII,17
114,PyrII,17
115,PyrII,18
116,PyrII,19
117,PyrII,16
118,PyrII,18
119,PyrII,18
120,PyrII,16
121,PyrII,18
122,PyrII,19
123,PyrII,19
124,PyrII,17
125,PyrII,19
126,PyrII,18
127,PyrII,17
128,PyrII,18
129,PyrII,16
130,PyrII,19
131,PyrII,16
132,PyrII,16
133,PyrII,19
134,PyrII,17
135,PyrII,19
136,PyrII,14
137,PyrII,17
138,PyrII,18
139,PyrII,17
140,PyrII,19
141,PyrII,18
142,PyrII,16
143,PyrII,16
144,PyrII,15
145,PyrII,16
146,PyrII,18
147,PyrII,16
148,PyrII,14
149,PyrII,18
150,PyrII,17
151,PyrII,17
152,PyrII,17
153,PyrII,16
154,PyrII,18
155,PyrII,19
156,PyrII,16
157,PyrII,16
158,PyrII,16
159,PyrII,17
160,PyrII,17
161,PyrII,19
162,PyrII,18
163,PyrII,19
164,PyrII,18
165,PyrII,18
166,PyrII,17
167,PyrII,16
168,PyrII,18
169,PyrII,19
170,PyrII,14
171,PyrII,16
172,PyrII,18
173,PyrII,16
174,PyrII,16
175,PyrII,15
176,PyrII,19
177,PyrII,17
178,PyrII,19
179,PyrII,17
180,PyrII,20
181,PyrII,16
182,PyrII,16
183,PyrII,17
184,PyrII,16
185,PyrII,16
186,PyrII,16
187,PyrII,16
188,PyrII,16
189,PyrII,18
190,PyrII,19
191,PyrII,17
192,PyrII,17
193,PyrII,15
194,PyrII,17
195,PyrII,19
196,PyrII,17
197,PyrII,20
198,PyrII,17
199,PyrII,19
200,PyrII,15
201,PyrII,17
202,PyrII,18
203,PyrII,16
204,PyrII,17
205,PyrII,18
206,PyrII,17
207,PyrII,16
208,PyrII,16
209,PyrII,17
210,PyrII,18
211,PyrII,18
212,PyrII,18
213,PyrII,16
214,PyrII,16
215,PyrII,18
216,PyrII,17
217,PyrII,21
218,PyrII,17
219,PyrII,19
220,PyrII,16
221,PyrII,17
222,Keto,17
223,Keto,17
224,Keto,17
225,Keto,15
226,Keto,14
227,Keto,16
228,Keto,16
229,Keto,17
230,Keto,15
231,Keto,15
232,Keto,16
233,Keto,17
234,Keto,17
235,Keto,16
236,Keto,16
237,Keto,15
238,Keto,16
239,Keto,17
240,Keto,16
241,Keto,15
242,Keto,18
243,Keto,17
244,Keto,16
245,Keto,17
246,Keto,15
247,Keto,15
248,Keto,16
249,Keto,15
250,Keto,18
251,Keto,16
252,Keto,16
253,Keto,18
254,Keto,16
255,Keto,16
256,Keto,17
257,Keto,16
258,Keto,15
259,Keto,15
260,Keto,16
261,Keto,17
262,Keto,16
263,Keto,18
264,Keto,18
265,Keto,16
266,Keto,17
267,Keto,15
268,Keto,15
269,Keto,16
270,Keto,16
271,Keto,14
272,Keto,15
273,Keto,17
274,Keto,16
275,Keto,15
276,Keto,17
277,Keto,16
278,Keto,16
279,Keto,15
280,Keto,16
281,Keto,14
282,Keto,17
283,Keto,16
284,Keto,16
285,Keto,15
286,Keto,16
287,Keto,16
288,Keto,16
289,Keto,16
290,Keto,17
291,Keto,15
292,Keto,16
293,Keto,16
294,Keto,16
295,Keto,15
296,Keto,17
297,Keto,16
298,Keto,17
299,Keto,16
300,Keto,16
301,Keto,16
302,Keto,16
303,Keto,18
304,Keto,15
305,Keto,17
306,Keto,16
307,Keto,15
308,Keto,15
309,Keto,15
310,Keto,16
311,Keto,17
312,Keto,15
313,Keto,15
314,Keto,14
315,Keto,16
316,Keto,17
317,Keto,16
318,Keto,16
319,Keto,15
320,Keto,17
321,Keto,17
322,Keto,17
323,Keto,16
324,Keto,16
325,Keto,17
326,Keto,15
327,Keto,16
328,Placebo,30
329,Placebo,29
330,Placebo,31
331,Placebo,31
332,Placebo,29
333,Placebo,29
334,Placebo,28
335,Placebo,29
336,Placebo,26
337,Placebo,29
338,Placebo,29
339,Placebo,28
340,Placebo,31
341,Placebo,30
342,Placebo,28
343,Placebo,28
344,Placebo,30
345,Placebo,31
346,Placebo,31
347,Placebo,31
348,Placebo,28
349,Placebo,32
350,Placebo,32
351,Placebo,29
352,Placebo,28
353,Placebo,26
354,Placebo,29
355,Placebo,31
